# date;thème;événement (source officielle ou presse)
2024-12-28;partie rapide;Dexerto : bots repérés en partie rapide après 2 défaites
2025-01-10;classé;S1 : premier reset de rang (tout le monde repart bas)
2025-02-11;classé;Dev Talk Vol.10 : reset mi-saison de 4 divisions, début de saison 6 divisions
2025-02-21;équilibrage;S1.5 : nerfs contre le triple support (Luna Snow, Loki...)
2025-03-17;partie rapide;Dexerto : nouveaux joueurs contre des One Above All en partie rapide
2025-04-11;équilibrage;S2 : patch d'équilibrage de saison
2025-05-30;équilibrage;S2.5 : patch d'équilibrage mi-saison
2025-07-11;équilibrage;S3 : saisons de 2 mois, un héros par mois
2025-08-08;classé;S3.5 : taille de groupe limitée par rang en classé
2025-08-12;matchmaking;NetEase dément l'EOMM (X officiel)
2025-08-21;matchmaking;Vidéo officielle Zhiyong : fourchette qui s'élargit avec l'attente
2025-09-03;classé;Annonce des placements (repoussés après la S4)
2025-11-14;classé;S5 : 10 matchs de placement, nouveaux joueurs estimés Silver III
2026-01-16;équilibrage;S6 : patch d'équilibrage de saison
2026-03-17;équilibrage;Balance post 20260320 : charge des ultimes −20 %
2026-03-20;classé;S7 : placement à la performance individuelle, 3 bans
2026-05-15;équilibrage;S8 : patch d'équilibrage de saison
2026-07-10;équilibrage;S9 : patch d'équilibrage de saison
2026-09-08;équilibrage;Balance post 20260911 : refonte Scarlet Witch, nerf énergie stratèges
2026-09-11;classé;S10 : nouveau système de bans (Or 3+)
2026-09-17;partie rapide;Sanctions plus lourdes, palier propre à la partie rapide
